{
  "timestamp": "data",
  "model": "gemini-2.5-flash",
  "v1_prompt": "Concise (2-4 sentences)",
  "v2_prompt": "Structured (3-5 sentences)",
  "samples_count": 50,
  "v1_metrics": {
    "faithfulness": 0.9707570207570207,
    "answer_relevancy": 0.7501060908063023,
    "context_recall": 0.9567307692307693,
    "context_precision": 0.8910256409458334
  },
  "v2_metrics": {
    "faithfulness": 0.8322422660494225,
    "answer_relevancy": 0.785302514207232,
    "context_recall": 0.9567307692307693,
    "context_precision": 0.8910256409448716
  },
  "comparison": {
    "v1_better": 2,
    "v2_better": 1
  }
}